{"cameraMode":{"drawMode":0,"name":"Shaded","section":"Shading Mode"},"sceneLighting":true,"audioPlay":false,"sceneViewState":{"showFog":true,"showMaterialUpdate":false,"showSkybox":true,"showFlares":true,"showImageEffects":true,"showParticleSystems":true},"in2DMode":false,"pivot":{"x":954.8400268554688,"y":39.68000030517578,"z":802.8300170898438},"rotation":{"x":0.14190003275871278,"y":-0.764862596988678,"z":0.1800699234008789,"w":0.6020790338516235},"size":449.6083679199219,"orthographic":false}